<?xml version="1.0" encoding="UTF-8" ?>
<!DOCTYPE log4j:configuration SYSTEM "log4j.dtd">
<log4j:configuration xmlns:log4j="http://jakarta.apache.org/log4j/">
    <appender name="CONSOLE" class="org.apache.log4j.ConsoleAppender">
        <layout class="org.apache.log4j.PatternLayout">
            <param name="ConversionPattern" value="%d{ISO8601} %-5p [%t] (%c) %m%n" />
        </layout>
    </appender>

    <category name="*">
        <priority value="INFO" />
    </category>

     <category name="org.apache.http.client.protocol.ResponseProcessCookies">
        <priority value="ERROR" />
    </category>

    <root>
        <priority value="INFO" />
        <appender-ref ref="CONSOLE" />
    </root>
</log4j:configuration>
